<?xml version="1.0" encoding="UTF-8" standalone="yes"?>
<addon id="plugin.video.creaper" name="creaper" version="1.0.0" provider-name="creaper">
  <requires>
    <import addon="xbmc.python" version="2.1.0"/>
  </requires>
  <extension point="xbmc.python.pluginsource" library="default.py">
        <provides>video executable</provides>
  </extension>
  <extension point="xbmc.addon.metadata">
    <summary lang="en">creaper</summary>
    <description lang="en">creaper</description>
	<website></website>
    <platform>all</platform>
  </extension>
</addon>
